3681	apps
3231	bitrix
3231	bi
3231	bt
3231	trix
1855	in
1799	stankin
1799	stank
1799	si
839	dist
388	core
317	upload
163	s
162	test
154	no
130	books
128	a
122	web
118	i
115	lk
108	st
107	novo
106	nsdtn
106	novostdetalno
106	de
106	tal
99	au
91	ura
91	ys
91	www
85	local
85	wp
83	pub
80	static
74	d
72	aspirant
70	testlks
70	tls
66	about
64	is
63	dev
62	sys
62	sy
59	am
57	ali
56	bak
56	pets
56	riat
56	bakalavriatispetsialitet
56	tet
56	alav
56	baripiat
55	new
54	mu
54	corp
52	help
52	assets
51	aspirantura
50	po
50	ii
49	na
48	naiinvi
48	innovatsii
48	nauk
48	nauka
48	invi
48	vats
48	nauka-i-innovatsii
48	mail
48	content
48	wp-content
48	wc
47	sa
47	admin
44	api
44	info
43	me
43	hd
42	sd
42	at
41	pro
41	nost
41	tour
41	th
41	auth
40	naya
40	rod
40	magistratura
40	magistrat
39	tel
39	mzdrndatn
39	deyatelnost
39	mezhdunarodnaya-deyatelnost
39	datn
39	duna
39	mzdrn
39	zh
39	dey
39	mezhdunarodnaya
37	sdpd
37	sdp
37	2
35	student
32	cloud
32	lib
31	stud
31	dt
30	ct
30	hb
30	program
30	lab
29	edu
29	back
29	o
28	old
28	studentam
28	pack
28	webpack
27	k
27	bx
27	24
26	1
25	m
25	2020
24	dpo
24	dp
24	console
23	ty
23	et
23	it
22	courses
22	p
22	ie
22	helpdesk
22	desk
22	dod
22	user
21	tickets
21	aspirantam
21	aa
21	ads
21	to
21	webmail
21	theme
21	nsdtnhb
21	hdbq
21	novostdetalno_hdbq
21	bq
20	vc
20	mi
20	cd
20	files
19	career
19	v
19	corpdev
18	c
18	pages
18	brazo
18	van
18	t4
18	tk461
18	461
18	tk
18	cr
18	trusted
18	config
18	machineconfigweb
18	machine
18	mcw
18	studadmin
18	en
18	build
17	t
17	obvi
17	obrazovanie
17	promweb
17	prom
17	pw
17	pa
17	ka
16	install
16	pd
16	portal
16	nw
16	new-web
16	tl
16	testlk
16	ctpo
16	cp
16	news
16	tb
16	robotics
15	so
15	priem
15	web1
15	w1
15	cert
15	h
15	gry
15	hgry
15	nsdtnhg
15	novostdetalno_hgry
15	hg
14	email
14	alumni
14	fed
14	doc
14	forum
14	u
14	ptls
14	mt
14	skins
13	fedproekt
13	ek
13	fpet
13	fd
13	forum-dt
13	g
13	forms
13	w2
13	magazine
13	cm
13	kr
13	lkr
13	l
13	lp
13	lkp
12	do
12	ei
12	eti
12	infocert
12	ic
12	web2
12	site
12	mag
12	union
12	nc
12	ma
12	3
12	b2
12	bx24
11	dpo-fedproekt
11	dpfpet
11	doklad
11	lad
11	dkl
11	ticketsys
11	niki
11	videoconf
11	video
11	conf
11	fi
11	ctpo-portal
11	cpp
11	mir
11	mirit
11	ip
11	ik
11	ipkp
11	kp
11	analytics
11	nik
11	oc
11	mach-union
11	mach
11	enstart
11	es
11	start
11	mailadmin
11	indigo
11	nsdtnet
11	eyty
11	novostdetalno_eyty
11	ey
10	ticketsysback
10	tyb
10	priority
10	p2
10	2030
10	priority2030
10	nasta
10	tnvn
10	techno
10	technonastavniki
10	gck-hr
10	gch
10	gck
10	ck
10	hr
10	gc
10	cmb
10	crmback
10	fzk
10	fizika
10	zi
10	as
10	how
10	ht
10	howto
10	fdp
10	vp
10	journal
10	webtest
10	wt
10	or
10	php
10	phpadmin
10	tads
10	basis
10	70
10	mk
10	mtk
10	newcloud
10	office
10	ac
10	acmt2020
10	acmt
10	ac2
10	cmt
10	por
10	ov
10	mg
10	my
10	22
10	research
10	koi
10	project
9	rs
9	r
9	rso
9	login
9	vu
9	vuc
9	pi
9	pish
9	ish
9	visit
9	prodod
9	smi-o-nas
9	smon
9	smi
9	nas
9	sm
9	procourses
9	pc
9	se
9	up
9	v2
9	vp2020
9	ns
9	tt
9	contingent-testlks
9	ctls
9	contingent
9	store
9	app
9	meh
9	tom
9	te
9	teormeh
9	d-tour
9	mailbox
9	helpback
9	equipedia
9	eea
9	equip
9	edi
9	conference
9	twin
9	dig
9	digtwin
9	uploads
9	tu
9	mtk70
9	mk7
9	n
9	officecloud
9	pop
9	popov-robotics
9	popov
9	testbx
9	testbx24
9	tb2
9	mycareer
9	mc
9	research22
9	r2
9	plugins
9	ws
9	studio
9	wr
9	wrstudio
9	football
9	an
9	wi
9	wp-includes
9	includes
8	announcements-testlks
8	atls
8	announcements
8	ns2
8	n2
8	test-trusted
8	dictionaries
8	dictionaries-testlks
8	dtls
8	fcttu
8	ft
8	fct
8	testlk-api
8	tla
8	patron
8	search
8	lkp-api
8	lpa
8	tlsa
8	testlks-api
8	docs
8	corpold
8	co
7	its
7	uits
7	ui
7	datalake
7	data
7	lake
7	dl
7	com
7	mtls
7	mfc
7	mfc-testlks
7	persondepartment
7	person
7	pdtls
7	department
7	persondepartment-testlks
7	turn
7	turnbbb
7	bbb
7	projecting
7	projecting-testlks
7	corptest
7	en-new
7	profile-testlks
7	profile
7	graph
7	mailgraph
7	mon
7	ismm
7	mm
7	im
7	windows
7	1251
7	koi8
7	k8
7	8
7	ans
7	sites
7	crm
6	db
6	fund
6	partneram
6	partner
6	noc
6	ml
6	maillog
6	log
6	ctm
6	scn
6	scnit
6	compiler
6	e
6	3d
6	dx
6	3dx
6	vo
6	l3
6	lab3
6	lab5
6	5
6	l5
6	lab4
6	l4
6	4
6	lab1
6	l1
6	lab2
6	l2
6	ab2
6	ab
6	alias
6	aliasbx24
6	aliasbx
6	rainloop
6	rl
6	rain
6	loop
6	css
5	dm
5	main
5	dbmain
5	testmailadmin
5	tma
5	neo
5	infosys
5	isy
5	team
5	test2
5	t2
5	ks
5	monitoring
5	ntoc
5	ntc
5	ev
5	nts
5	ob
5	astra
5	nits
5	psana
5	pustayastranitsa
5	stay
5	pu
5	post
5	trud
5	iso
5	mac
5	alor
5	linalor
5	la
5	lin
5	866
5	mta
5	mecha
5	mechatronica-journal
5	tronic
5	mtaj
5	mechatronica
5	eos
5	f
4	vs
4	sveden
4	eden
4	sv
4	media
4	tq
4	qm
4	tqm
4	npd
4	smg
4	ksmg
4	sitedev
4	z
4	bvks
4	budvkurse
4	kur
4	bud
4	mailtest
4	cisco
4	him
4	puash
4	postupayushchim
4	shc
4	ayu
4	us
4	ru
4	mp
4	settings
4	form
4	cuuc
4	1cuuc
4	1cu
4	uc
4	cu
4	2019
3	pk
3	events
3	zp
3	zpanel
3	panel
3	eg
3	ege
3	ge
3	bor
3	otbor
3	ot
3	y
3	youngschool
3	school
3	young
3	stna
3	sotrudnikam
3	tr
3	uv
3	eb
3	ineb
3	vt
3	vto
3	rvu
3	rv
3	ckasi
3	kuk
3	kuka
3	center
3	center-kuka-stankin
3	ls
3	lks
3	anna
3	magplan
3	plan
3	tm
3	koi7
3	k7
3	7
3	rim
3	markov
3	wiki
3	veryold
3	very
3	mrtg
3	mrt
3	lipaev
3	lip
3	lae
3	pm
3	binet
3	kabinet
3	kb
3	auil
3	ai
3	ydpt
3	il
3	yp
3	pt
3	yd
3	fp
3	fs
3	of
3	rus
3	profiler
3	installer
2	ve
2	vseros_stankin
2	vesi
2	eros
2	vseros
2	eduwww
2	ew
2	eti-pk
2	eip
2	asu
2	iv
2	itvs
2	meup
2	tex
2	infotex
2	ttc
2	ir
2	osr
2	osrc-ir
2	osrc
2	oci
2	per
2	pod
2	cdn
2	corpdevnew
2	iy
2	cdo
2	corpdevold
2	bs
2	shche
2	sf
2	top
2	ti
2	about_us
2	ch
2	2023
2	documents
2	webmin
2	uvcmeup
2	ucmu
2	testmail
2	next
2	nextcloud
2	6
2	d6
2	dt6
2	emailadmin
2	ea
2	sc
2	ich
2	subdivisions
2	astm2020
2	astm
2	a2
2	eni
2	yak
2	ursa
2	nary
2	ke
2	ps
2	devo
2	ak
2	students
2	iz
2	registr_alumni
2	rta
2	rt
2	registr
2	regis
2	course
2	pq
2	fspq
2	development
2	vai
2	va
2	ad
2	vaadin
2	contacts
2	welcome
2	for
2	master_class_ctpo
2	class
2	master
2	mccp
2	parents
2	meeting
2	parents-meeting
2	stand
2	users
2	receiver
2	client
2	client-error-receiver
2	error
2	cer
2	amfd
2	minified
2	fie
2	apos-minified
2	apos
2	mfd
2	mini
1	rss
1	prof_perepodgotovka
1	goto
1	vka
1	pepgv
1	perepodgotovka
1	ppepgv
1	prof
1	pnomiati
1	priemnayakomissiyastankin
1	pnomiatihe
1	nayak
1	priemnayakomissiyastankin_hqev
1	hq
1	hqev
1	miss
1	he
1	tank
1	pros
1	za
1	dat
1	zadatvoprospk
1	zdvpp
1	gale
1	rey
1	gr
1	galerey
1	488
1	mpyia
1	yat
1	mero
1	pri
1	meropriyatiya
1	bgssi
1	su
1	slug
1	bs_gosuslugi
1	go
1	gosuslugi
1	gssi
1	zhi
1	tie
1	oszt
1	obshchezhitie
1	495
1	olympiads
1	sobranie
1	bran
1	sbi
1	rod_sobranie
1	rsbi
1	dpo_otbor
1	dpob
1	429
1	pedvsi
1	perevod
1	ped
1	perevod_v_stankin
1	evo
1	napravleniy
1	pks
1	pksnrly
1	nap
1	nrly
1	podkast_napravleniy
1	leni
1	rav
1	podkast
1	384
1	sti
1	novosti
1	pustayastranitsa_bsfz
1	bsfz
1	psanabsz
1	bsz
1	b
1	347
1	361
1	424
1	277
1	380
1	417
1	top_it
1	489
1	349
1	practice
1	426
1	targeted
1	targeted_tr
1	367
1	422
1	386
1	stud_olymp
1	olymp
1	437
1	paze
1	eli
1	pokazateli
1	zat
1	pok
1	340
1	497
1	490
1	382
1	370
1	she
1	povyshenie
1	kafki
1	pov
1	kac
1	kv
1	pysn
1	povyshenie_kvalifikacii
1	nie
1	kvalifikacii
1	pysnkafki
1	partners
1	schools
1	sac
1	colleges
1	schools_and_colleges
1	and
1	455
1	356
1	428
1	473
1	cj
1	pustayastranitsa_cjry
1	cjry
1	psanacr
1	ry
1	446
1	483
1	foreign_languages
1	languages
1	fl
1	foreign
1	366
1	284
1	302
1	285
1	olimpia
1	vysokotochnaya_olimpiada
1	vscnod
1	od
1	olimpiada
1	vscn
1	da
1	vy
1	sokoto
1	vysokotochnaya
1	475
1	343
1	493
1	486
1	369
1	283
1	363
1	uk
1	uvk
1	441
1	soul
1	black
1	blacksoul
1	umu
1	um
1	music
1	kh
1	hp
1	kshp
1	434
1	foliant
1	nt
1	fn
1	folia
1	ump
1	proxy1
1	p1
1	proxy
1	crazy
1	eup
1	303
1	ite
1	contact
1	safety-db
1	safety
1	496
1	tek
1	ren
1	qu
1	renorquortek
1	roqot
1	quake
1	519
1	484
1	museum
1	utc
1	saturn
1	mash
1	techmash
1	tech
1	softcert
1	soft
1	finmanag
1	fin
1	man
1	fma
1	ag
1	emit
1	cooltop
1	cool
1	ni
1	nich
1	centurion
1	315
1	www2
1	309
1	387
1	427
1	447
1	368
1	418
1	279
1	instrumentyprakticheskogoosvoeniyakursa
1	iypkiegsveyu
1	esko
1	pra
1	kt
1	goo
1	instrument
1	vostrebovannostnarynketruda
1	vtbvnnnkta
1	vos
1	bo
1	tre
1	448
1	dous
1	tv
1	troys
1	trudoustroystvo
1	tdtto
1	tru
1	not
1	ulnykarypdpizemhpdapna
1	lov
1	moz
1	yy
1	dst
1	rn
1	zhen
1	avit
1	are
1	pre
1	uslovnyykarernyyputdevopsinzheneramozhnopredstavitprimernotak
1	primer
1	era
1	hno
1	put
1	474
1	ipl
1	kubpzadsiia
1	budet
1	kom
1	zn
1	komubudetpoleznadistsiplina
1	pole
1	atan
1	aktualnost
1	al
1	wekn
1	kn
1	swk
1	wk
1	students_wekn
1	we
1	osobven
1	dop_obshcheobrazovatelnye_programmy
1	vat
1	el
1	obshcheobrazovatelnye
1	nye
1	programmy
1	dosobvenpm
1	dop
1	projects
1	uep
1	educational
1	urban_educational_projects
1	urban
1	ok
1	yad
1	real
1	pyoriasi
1	poryadokrealizatsii
1	351
1	341
1	samsung
1	304
1	491
1	338
1	359
1	385
1	439
1	276
1	282
1	472
1	522
1	280
1	278
1	501
1	365
1	377
1	494
1	521
1	316
1	inter
1	518
1	end
1	formsenddocs
1	358
1	348
1	itcnifidp
1	formats
1	iio
1	istochnikiinformatsiiodevops
1	353
1	436
1	360
1	383
1	476
1	stimnnkta
1	most
1	stoimostnarynketruda
1	ambassador
1	292
1	520
1	425
1	281
1	339
1	487
1	492
1	346
1	exchange
1	dost
1	duntsveyu
1	dostupnostosvoeniyakursa
1	nos
1	345
1	364
1	2fc
1	fcorp
1	fc
1	2fcorp
1	374
1	fcorpdev
1	2fcd
1	2fcorpdev
1	fcd
1	fai
1	2fai
1	2f
1	operation_planning
1	planning
1	op
1	operation
1	mod
1	psanaaiyp
1	pustayastranitsa_auil_ydpt
1	shelves
1	ds
1	ds_form
1	df
1	psanaaiypfpwo
1	wo
1	wu
1	pustayastranitsa_auil_ydpt_fspq_wuoj
1	oj
1	wuoj
1	reverse-engineering
1	re
1	reverse
1	engineering
1	505
1	509
1	500
1	newalumni
1	oo
1	onlyoffice
1	only
1	actm
1	actm2020
1	am2
1	act
1	pp
1	vacancy
1	psv
1	ppsvacancy
1	502
1	504
1	dokumenty
1	men
1	ku
1	dkmt
1	programm
1	docp
1	control
1	development_of_control_programm
1	511
1	506
1	mep
1	dom
1	development_of_mep
1	psanaaiypfp
1	pustayastranitsa_auil_ydpt_fspq
1	blocks
1	507
1	508
1	predictive_analytics
1	predictive
1	toggle
1	fpc
1	2fprocourses
1	2fpc
1	fprocourses
1	committee
1	510
1	st_form
1	footer
1	footer-popover
1	popover
1	pznvm
1	zd
1	vb
1	pozdneevbm
1	nee
1	sc36june2019
1	june
1	36
1	s3j2
1	comments
1	aah
1	ah
1	arhive
1	ar
1	hive
1	agenda_arhive
1	agenda
1	ocnve
1	niko
1	ovchinnikovpe
1	chin
1	tads_form
1	tf
1	sen
1	ssuhis
1	hk
1	sosenushkinse
1	rubinub
1	rubin
1	ub
1	fa
1	authors
1	for-authors
1	lcka
1	ko
1	levchenkoan
1	lev
1	chen
1	uti
1	sutiaginmv
1	mv
1	agin
1	suam
1	zuevvi
1	zu
1	vi
1	zev
1	lg
1	shulginanv
1	sliav
1	shu
1	open
1	of2
1	openforum
1	openforum2019
1	drawer
1	closedrawer
1	close
1	feed
1	patm
1	pannatierma
1	tier
1	pann
1	megaproject
1	imp
1	mega
1	industry_megaproject
1	industry
1	252fresearch22
1	fresearch
1	fr
1	252
1	2fr2
1	standarty
1	mk7sa
1	arty
1	mtk70standarty
1	ation
1	art
1	saia
1	standartization
1	vav
1	tikhomirovavd
1	miro
1	kho
1	tkmvd
1	503
1	fco
1	2fco
1	2fcorpold
1	fcorpold
1	tags
1	invite
1	forstudents
1	example
