1121	google
245	cloud
233	6
226	clients
218	clients6
218	c6
140	sandbox
128	pa
98	1
63	2
62	cc
59	channel
59	client
58	spreadsheets
57	ls
57	studio
57	client-channel
52	3
52	lookerstudio
52	looker
48	alt
48	as
47	us
47	tg
47	gadget
47	talk
47	talkgadget
46	qa
46	west
41	photos
39	console
39	adz
37	0
34	data
32	l3
32	europe
31	lh3
31	lh
31	smtp
31	x
29	asia
27	pm
27	apx
27	aspmx
26	a1
25	4
23	east
22	gsi
22	in
22	fire
22	ew
22	europe-west
21	prom
21	mail
20	al
20	ext
20	w1
20	s1
19	run
19	base
18	staging
18	da
18	df
18	ap
18	source
18	ads
17	m
17	qu
17	crqa
17	qual
17	cloud-run-qual
17	gmr
17	ad
17	prod
17	south
16	gmr-smtp-in
16	c
16	s
16	central
16	west1
15	tls
15	mt
15	mtls
15	dev
15	prom-qa
15	pq
15	test
15	corp
15	us-west
15	uw
15	flow
15	frame
14	e1
14	east1
14	a
14	app
14	america
14	a2
14	manager
14	next
13	ns
13	aw
13	push
13	ds
13	developers
13	er
13	se
12	ae
12	i
12	dp
12	adwords
12	words
12	auto
12	autopush
12	north
12	n1
12	redirect
12	or
12	northeast
12	signaler
12	signal
11	cs
11	120
11	area120
11	area
11	f
11	smro
11	sourcemanagerredirector
11	smrop
11	sourcemanagerredirector-pa
11	de
11	southeast
10	manifest
10	ue
10	us-east
10	nightly
10	ps
10	www
10	c1
10	central1
10	an
9	n2
9	asia-east
9	tensor
9	uc
9	us-central
9	search
9	docs
9	b
9	a3
9	alt2
9	analytics
9	play
9	vel
9	dv
9	devel
9	south1
8	tensorboard
8	board
8	tb
8	a4
8	support
8	alt1
8	mq
8	dm
8	e
8	machine
8	api
8	5
8	ef
8	dynamite
8	external
8	np
8	sa
8	me
7	drive
7	mail-qa
7	ml
7	tools
7	learning
7	machinelearningtools
7	mlt
7	dc
7	sites
7	android
7	plex
7	voice
7	ac
7	alt3
7	hangouts
7	northamerica
7	na
7	dialogflow
7	dialog
7	sn
7	s2
7	ssdata
7	ssd
6	p2
6	photos2
6	sl
6	alt4
6	d
6	backup
6	bd
6	gmail
6	gmail-smtp-in
6	fusion
6	datafusion
6	gemini
6	c2
6	central2
6	dataplex
6	cb
6	engine
6	21
6	service
6	tcp
6	canary
6	west4
6	w4
6	evenflow
6	even
6	usep
6	prod-dynamite-prod
6	pdp
6	us-signaler-pa
6	asia-southeast
6	northeast1
6	apps
6	7
6	o
6	west8
6	w8
6	8
6	asia-northeast
6	southamerica
6	04
5	n3
5	server
5	td
5	backupdr
5	dr
5	mail-ls
5	q
5	dataproc
5	proc
5	composer
5	th
5	gs
5	rs
5	g
5	query
5	big
5	fa
5	9
5	developer
5	frontend
5	sep
5	signaler-pa
5	alkali
5	snp
5	ne
5	n
5	poe
5	sn-npoe
5	npoe
5	australia
5	southeast1
5	asia-south
5	store
5	people
5	apis
4	e4
4	east4
4	p1
4	photos1
4	code
4	less
4	serverless
4	rcs
4	dtd
4	tw
4	twd
4	da-twd
4	ais
4	p3
4	photos3
4	photos4
4	p4
4	discover
4	p6
4	photos6
4	photos-staging
4	photos-autopush
4	pap
4	ddl
4	meet
4	apigee
4	ag
4	gee
4	cure
4	mas
4	ccure
4	p5
4	photos5
4	and
4	arts
4	artsandculture
4	aac
4	culture
4	gp
4	md
4	aip
4	platform
4	p0
4	photos0
4	fb
4	feed
4	bq
4	bigquery
4	video
4	ns1
4	adservice
4	calendar
4	northamerica-northeast
4	nan
4	northeast2
4	messaging
4	en
4	europe-north
4	australia-southeast
4	alt21
4	southeast2
4	pp
4	12
4	mc
4	me-central
4	west2
4	w2
4	west3
4	w3
4	southamerica-west
4	saw
4	west6
4	w6
4	0x
4	0i
4	chart
3	ns2
3	ns3
3	maker
3	mtv
3	da-mtv
3	aistudio
3	cbf
3	da-cbf
3	hot
3	dh
3	da-hot
3	adamantium
3	dap
3	hybrid
3	ns4
3	n4
3	dps
3	research
3	acs
3	da-fra
3	fra
3	nest
3	cj
3	au
3	ms
3	colab
3	cola
3	u
3	at
3	mail-dispatcher
3	dispatcher
3	aiplatform
3	qa1
3	q1
3	appengine
3	crt
3	health
3	ec
3	crowd
3	crowdsource
3	compute
3	daily
3	dav
3	bm
3	business
3	meetings
3	tp
3	evenflow-test
3	mon
3	eft
3	classroom
3	ca
3	management
3	books
3	npoe7ne6
3	np7n6
3	web
3	mw
3	me-west
3	chat
3	instantmessaging
3	instant
3	im
3	10
3	stack
3	2fa
3	cp
3	sc
3	os
3	addons
3	addons-pa
3	people-pa
3	suite
3	bc
3	sp
3	fp
3	billing
3	ads-nightly
3	nova
3	100
3	alt100
3	04x
3	t
3	04t
3	0t
3	034
3	0ik
3	ik
3	0c2
3	0qx
3	0q
3	qx
3	0et
3	et
3	0e
3	124
3	smtp124
3	06
3	photography
3	0p
3	06photography
3	z
3	j
2	tbd
2	tensorboard-dev
2	tbs
2	tensorboard-staging
2	serverless-nightly
2	sln
2	mx
2	rt
2	bds
2	lt
2	duo
2	slq
2	serverless-qa
2	mlts
2	machinelearningtools-staging
2	vc
2	sv
2	svc
2	ddl-autopush
2	dataplex-dev
2	dpd
2	testers
2	deepmind
2	deep
2	mind
2	sni
2	dss
2	dataplex-staging
2	mg
2	tbap
2	tensorboard-autopush
2	gfe
2	gf
2	ge
2	dl
2	joy
2	call
2	calljoy
2	misc
2	notebooks
2	settings
2	uat
2	gsrs
2	gr
2	ua
2	googlesource
2	url
2	actions
2	ar
2	burner
2	feedburner
2	notebook
2	firebase
2	tbq
2	test-bigquery
2	cloud-run-test
2	upload
2	mltd
2	machinelearningtools-dev
2	fi
2	testing
2	fc
2	ct
2	region
2	r1
2	region1
2	187
2	home
2	datacompute
2	earth
2	ee
2	31
2	20
2	cd
2	dd
2	d0
2	ddl-daily
2	daily0
2	consent
2	cal
2	cds
2	lp
2	awc
2	adwords-canary
2	fe
2	csp
2	config
2	dndv
2	ds-next-devel
2	vertex
2	cse
2	pr
2	prep
2	rod
2	espresso
2	preprod
2	borg
2	borgmon
2	southeast3
2	s3
2	growth
2	identity
2	account
2	alp
2	cloudsupport
2	north2
2	udf
2	europe-central
2	dnep
2	ds-next-external-prod
2	acp
2	notifications
2	tr
2	cl
2	tasks
2	center
2	dnn
2	ds-next-nightly
2	searchads
2	sac
2	searchads-canary
2	embedded
2	assistant
2	east5
2	e5
2	check
2	fbac
2	firebaseappcheck
2	go
2	w9
2	west9
2	mobile
2	assist
2	discovery
2	discoveryengine
2	fs
2	am
2	realtime
2	realtimesupport
2	sb
2	safe
2	browsing
2	safebrowsing
2	dnp
2	ds-next-prod
2	adwords-detours-prod
2	awdp
2	detours
2	tsp
2	ts
2	takeout
2	cases
2	pcp
2	storage
2	adwords-next-external-prod
2	awnep
2	us-south
2	cm
2	campaign
2	europe-southwest
2	southwest1
2	es
2	southwest
2	dcs
2	content
2	dcsp
2	northeast3
2	secureconnect
2	secureconnect-pa
2	connect
2	scp
2	secure
2	honeycomb
2	space
2	work
2	2fasia
2	fasia
2	sae
2	southamerica-east
2	north1
2	africa
2	africa-south
2	ds-next-external-devel
2	dnedv
2	checks
2	hub
2	13
2	west10
2	reporting
2	user
2	rne
2	vqr6
2	vgqsrne
2	svqr
2	vg
2	sn-vgqsrne
2	vgqsrne6
2	vqr
2	qs
2	partner
2	west12
2	firebaseappdistribution
2	distribution
2	fbad
2	suggest
2	ep
2	w
2	northamerica-south
2	nas
2	adv
2	ads-devel
2	adwords-next-external-devel
2	awnedv
2	amsp
2	ams
2	south2
2	ads-prod
2	np7n7
2	npoe7ne7
2	east2
2	e2
2	chrome
2	1c
2	1g
2	18
2	y
2	184
2	2b
2	ipv6test
2	ipv
2	i6t
2	proxy
2	ghs
2	feedproxy
1	com
1	speech
1	gmr-mx
1	gm
1	rtcsupport
1	map
1	mm
1	mapmaker
1	backupdr-staging
1	dfs
1	datafusion-staging
1	q0
1	qa0
1	prom-test
1	pt
1	li
1	lti
1	ls3
1	get
1	wo
1	ewoq
1	ewq
1	onetoday-dev
1	one
1	ot
1	onetoday
1	today
1	otd
1	dpt
1	dataproc-test
1	q3
1	qa3
1	healthcare
1	dpis
1	image
1	dataproc-image-staging
1	fiber
1	dfd
1	datafusion-dev
1	composer-staging
1	baseline
1	cq
1	composer-qa
1	rasu
1	rcs-adamantium-staging-us
1	meet-quality
1	quality
1	devconsole-testers
1	dct
1	devconsole
1	mlcc
1	lcc
1	site
1	devsite-sni
1	devsite
1	datafusion-api-dev
1	dfad
1	loadtest
1	load
1	raslt
1	rcs-adamantium-staging-loadtest
1	datasetsearch
1	set
1	mail-gemini
1	aap
1	acs-autopush
1	host
1	mh
1	microhost
1	micro
1	pgeq
1	prom-gfe-qa
1	nestrenew
1	nr
1	renew
1	lab
1	datalab
1	l1
1	ls1
1	any
1	anycast
1	mat
1	radius-machineauth-anycast
1	rmatac
1	radius
1	machineauth
1	cast
1	misc-sni
1	mail-settings
1	plus
1	ccure-gsrs-uat-mas-app
1	ccgruama
1	ggp
1	gg
1	gplex
1	gplex-qa
1	gpq
1	training
1	aipt
1	aiplatform-training
1	tensorflow
1	tf
1	mas-app
1	ma
1	d2
1	dev2
1	ccgrd
1	ccure-gsrs-dev
1	qa4
1	q4
1	bod
1	ccpm
1	ccure-prod-mas
1	l0
1	ls0
1	bdap
1	backupdr-autopush
1	vr
1	arvr
1	av
1	script
1	mail-griffin
1	griffin
1	ping
1	aipn
1	aiplatform-notebook
1	generative
1	generativeai
1	gai
1	dgm
1	meta
1	dg-meta
1	grow
1	tbt
1	tensorboard-test
1	q2
1	qa2
1	bandwidth
1	backupdr-dev
1	bdd
1	datafusion-api
1	dfa
1	eh
1	ehr
1	hr
1	ehr-search
1	ehs
1	wf
1	wifi
1	wi
1	007
1	c0b1e2
1	c007b1873622ef2
1	1873622
1	rewards
1	googlesource-testing
1	gst
1	raap
1	rcs-adamantium-autopush
1	ls4
1	l4
1	backupdr-sandbox
1	tm
1	testmx
1	6746
1	ef21fa1facc6746
1	fac
1	e2f1fc6
1	facc
1	c512c074ec21dc9
1	c5c0e2d9
1	074
1	512
1	dataproc-staging
1	cert
1	cert-test
1	machinelearningtools-autopush
1	mltap
1	pipelines
1	csrm
1	ccure-csrm-uat-mas-app
1	srm
1	cccsuama
1	e954f0cfa187e5f
1	954
1	e9f0c1e5f
1	cfa
1	dfas
1	datafusion-api-staging
1	6953
1	67
1	b0c6f6f
1	b05651c67f6953f
1	05651
1	prom-qa-gs
1	pqg
1	voice-search-dev
1	vsd
1	prom-nightly-gp
1	png
1	ls2
1	l2
1	prom-gfe-nightly
1	pgen
1	earthengine
1	prom-nightly
1	pn
1	70
1	b067f70f20ac31e
1	b0f7f2a3e
1	067
1	composer-dev
1	privacysandbox
1	privacy
1	99
1	ff2852790e99ccd
1	2852790
1	ff
1	f2e9c
1	ccd
1	news
1	ldap
1	l
1	ld
1	caldavs
1	card
1	carddavs
1	lda
1	ldaps
1	caldav
1	messages
1	businessmessages
1	pchp
1	pch
1	playconsolehealth-pa
1	playconsolehealth
1	feurope-west
1	2feurope
1	feurope
1	few
1	2fe
1	about
1	calendarsync-pa
1	sync
1	calendarsync
1	fbrc
1	remote
1	firebaseremoteconfig-pa
1	fbrcp
1	firebaseremoteconfig
1	solutions
1	waa-pa
1	wp
1	waa
1	fbabp
1	bt
1	firebaseabt-pa
1	fbab
1	firebaseabt
1	dw
1	document
1	documentwarehouse
1	warehouse
1	conversation
1	vaic
1	vertexaiconversation
1	playconsoledevices-pa
1	playconsoledevices
1	pcdp
1	devices
1	pcd
1	tutor
1	tutor-pa
1	side
1	client-side-encryption
1	encryption
1	preprod-espresso-pa
1	fbmc
1	firebasemessagingcampaigns
1	campaigns
1	ghf
1	googlehomefoyer-pa
1	ghfp
1	googlehomefoyer
1	foyer
1	drivefrontend-pa
1	drivefrontend
1	dfp
1	growth-pa
1	bqdt
1	transfer
1	bigquerydatatransfer
1	identitytoolkit
1	toolkit
1	it
1	2fna
1	fna
1	fnan
1	fnorthamerica-northeast
1	2fnorthamerica
1	fnorthamerica
1	ro
1	redirector
1	careers
1	accountlinking-pa
1	linking
1	accountlinking
1	pca
1	playconsoleapps-pa
1	playconsoleapps
1	pcap
1	spanner
1	cloudsupport-pa
1	usa
1	usa-dialogflow
1	usage
1	su
1	serviceusage
1	vais
1	vertexaisearch
1	agents
1	conversational
1	conversational-agents
1	sq
1	bigquery-sq
1	bqs
1	cloudsearch
1	alkalicore
1	alkalicore-pa
1	core
1	notifications-pa
1	toolresults
1	tool
1	results
1	la
1	cla
1	kidsmanagement
1	kids
1	kmp
1	km
1	kidsmanagement-pa
1	playbooks-pa
1	playbooks
1	pb
1	pbp
1	dmp
1	dynamic
1	dynamicmail
1	dynamicmail-pa
1	fbap
1	predictions
1	firebasesagepredictions-pa
1	bases
1	fbapp
1	age
1	firebasesagepredictions
1	idve
1	ics-devel-east
1	ics
1	audience
1	audiencecenter
1	alt200
1	200
1	captive
1	mlsv
1	mlsvp
1	meetlivestreamviewer
1	live
1	stream
1	viewer
1	meetlivestreamviewer-pa
1	androidpay
1	pay
1	og
1	ogads
1	gads
1	ogp
1	ogads-pa
1	appsbackup
1	ab
1	appsbackup-pa
1	abp
1	embeddedassistant
1	eawc
1	webchannel
1	embeddedassistant-webchannel
1	wc
1	ea
1	grimoireoss-pa
1	gop
1	oss
1	grimoireoss
1	grimoire
1	loop
1	shoploop
1	shop
1	2f0
1	colab-embedded
1	cbe
1	msp
1	mobilesdk-pa
1	sdk
1	mobilesdk
1	pronto
1	pronto-pa
1	codeassist
1	shoppinglist-pa
1	shopping
1	shoppinglist
1	list
1	slp
1	sub
1	pub
1	pubsub
1	us-dialogflow
1	us-discoveryengine
1	ude
1	firestore
1	archive
1	admob
1	mob
1	appsgenaiserver-pa
1	agaisp
1	gen
1	agais
1	appsgenaiserver
1	imp
1	instantmessaging-pa
1	pcsf
1	playconsolestatsfrontend-pa
1	pcsfp
1	stats
1	playconsolestatsfrontend
1	alt7333
1	7333
1	a7
1	pui
1	bpui
1	bp0
1	bpui0
1	bp
1	alt10
1	practice
1	practicesets
1	sets
1	aya
1	qaya
1	adscreativestudio
1	creative
1	alt5
1	a5
1	to
1	tos-pa
1	tos
1	takeout-pa
1	2fme
1	fme
1	fmw
1	2fm
1	fme-west
1	fm
1	pswe
1	peoplestackwebexperiments-pa
1	pswep
1	peoplestackwebexperiments
1	experiments
1	2faustralia
1	faustralia
1	faustralia-southeast
1	fas
1	eu-discoveryengine
1	ede
1	eu
1	resultstore
1	result
1	chat-pa
1	servicemanagement
1	sm
1	supportcases
1	ga
1	scpga
1	supportcases-pa-googleapis
1	googleapis
1	programmaticchallenge
1	pc
1	programmatic
1	challenge
1	programmaticchallenge-pa
1	ak
1	apikeys
1	keys
1	alt12
1	firebasedurablelinks
1	firebasedurablelinks-pa
1	fbdl
1	links
1	durable
1	fbdlp
1	accountcapabilities
1	accountcapabilities-pa
1	capabilities
1	pmdf
1	movies
1	pmdfp
1	playmoviesdfe
1	playmoviesdfe-pa
1	release
1	firebasereleasemon
1	firebasereleasemon-pa
1	fbrmp
1	fbrm
1	belonging
1	profiles
1	dpp
1	developerprofiles
1	developerprofiles-pa
1	design
1	tables
1	anthos
1	ato
1	integration
1	dip
1	di
1	dynamiteintegration
1	dynamiteintegration-pa
1	tics
1	crashlytics-pa
1	crtp
1	crashlytics
1	rashly
1	pcpp
1	playconsoleplatform
1	playconsoleplatform-pa
1	campaignmanager
1	reminders-pa
1	reminders
1	rp
1	telephonysubscriber-pa
1	subscriber
1	telephony
1	telephonysubscriber
1	datastore
1	developerscontentserving
1	serving
1	developerscontentserving-pa
1	analysis
1	containeranalysis
1	container
1	targeting
1	firebasetargeting
1	firebasetargeting-pa
1	fbt
1	fbtp
1	sourcerers
1	rer
1	srs
1	allo
1	all
1	ao
1	codelabs
1	labs
1	213
1	smtp213
1	300
1	alt300
1	workstations
1	logging
1	honeycomb-pa
1	hp
1	firebaserules
1	fbr
1	rules
1	notebook-pa
1	firebaseextensions-pa
1	extensions
1	fbe
1	fbep
1	firebaseextensions
1	accounts
1	workspacevideo-pa
1	wsv
1	workspacevideo
1	wsvp
1	the
1	codetheroad
1	ctr
1	road
1	fan
1	fasia-northeast
1	device
1	devicemanagement
1	accesscontextmanager
1	acm
1	access
1	context
1	navigator
1	delivery
1	deliverynavigator
1	dn
1	firebaseappcheck-pa
1	fbacp
1	lv
1	analytics-alv
1	aal
1	alv
1	appmaker
1	admin
1	adh
1	adsdatahub
1	alt13
1	dns
1	sheets
1	datastudio
1	assignments
1	fireconsole-pa
1	fireconsole
1	fcp
1	jibemessagestore
1	jibe
1	message
1	jms
1	playconsoleratings-pa
1	pcr
1	pcrp
1	playconsoleratings
1	ratings
1	artifact
1	artifactregistry
1	registry
1	psp
1	peoplestack-pa
1	peoplestack
1	tracedepot
1	tracedepot-pa
1	trace
1	depot
1	tdp
1	error
1	cer
1	clouderrorreporting
1	smtp142
1	142
1	analyticssuitefrontend
1	asfp
1	asf
1	analyticssuitefrontend-pa
1	blobcomments-pa
1	blobcomments
1	blob
1	bcp
1	comments
1	save-pa
1	save
1	prdgusep
1	preprod-dynamite-gamma-us-signaler-pa
1	gamma
1	alt31
1	firealerts-pa
1	fap
1	alerts
1	firealerts
1	feedback-pa
1	feedback
1	notes-pa
1	notes
1	mcr
1	mobilecrashreporting
1	crash
1	cloudaicompanion
1	caic
1	companion
1	kit
1	ck
1	coursekit
1	course
1	locker
1	locker-pa
1	marketing
1	adsmarketingfrontend
1	amf
1	amfp
1	adsmarketingfrontend-pa
1	contextual
1	gcccp
1	gcmcontextualcampaign-pa
1	gccc
1	gcmcontextualcampaign
1	payments
1	share
1	drivesharefrontend-pa
1	drivesharefrontend
1	dsfp
1	dsf
1	aatp
1	alkaliauth
1	aat
1	alkaliauth-pa
1	hump
1	media
1	hum
1	hangoutsusermedia
1	hangoutsusermedia-pa
1	clientauthconfig
1	catc
1	360suite
1	360
1	3s
1	cloudusersettings-pa
1	cus
1	cloudusersettings
1	cusp
1	tasks-pa
1	ampcid
1	amp
1	cid
1	waldo
1	appswaldo
1	appswaldo-pa
1	awp
1	calendar-pa
1	dataflow
1	fsc
1	fus
1	2fus
1	fus-central
1	fu
1	2fs
1	partnersupport
1	ci
1	cloudidentity
1	fasia-east
1	fae
1	actionscenter
1	firebasedatabase
1	database
1	fbd
1	taskassist-pa
1	ta
1	task
1	tap
1	taskassist
1	cloudbuild
1	build
1	attribution
1	cloudbilling
1	calendarsuggest
1	budgets
1	bb
1	billingbudgets
1	espresso-pa
1	partners
1	developerscontentsearch
1	developerscontentsearch-pa
1	scone-pa
1	scone
1	adstransparency
1	transparency
1	labels
1	drivelabels
1	cn
1	cloudnotifications
1	alkalilearn-pa
1	learn
1	alkalilearn
1	activity
1	driveactivity
1	sd
1	driver
1	stackdriver
1	megadash-pa
1	mega
1	dash
1	mdp
1	megadash
1	firebaseapptesters
1	fbat
1	metadata
1	drivemetadata
1	wsup
1	ui
1	workspaceui-pa
1	wsu
1	workspaceui
1	takeout-pa-qw
1	tpqw
1	firebaseappdistribution-pa
1	fbadp
1	iam
1	aisp
1	item
1	appsitemsuggest-pa
1	appsitemsuggest
1	monitoring
1	ide
1	alt42
1	42
1	resource
1	crm
1	cloudresourcemanager
1	appsgrowthpromo
1	agp
1	appsgrowthpromo-pa
1	promo
1	agpp
1	recommend
1	re
1	recommender
1	google-voice
1	gv
1	alkalimetricsink
1	sink
1	metric
1	alkalimetricsink-pa
1	firebasehosting
1	fbh
1	hosting
1	pf
1	spf
1	geminidataanalytics
1	gda
1	party
1	subscriptionsfirstparty-pa
1	sfpp
1	first
1	sfp
1	subscriptionsfirstparty
1	subscriptions
1	muse
1	letter
1	museletter
1	cello
1	aloud
1	111
1	alt111
1	analyticsinsights
1	ai
1	insights
1	analyticsinsights-pa
1	dailygames
1	games
1	dg
1	earth-pa
1	bard
1	casespartner-pa
1	cpp
1	casespartner
1	mrp
1	moltron-pa
1	ron
1	molt
1	moltron
1	mr
1	hangoutssearch
1	hsp
1	hangoutssearch-pa
1	hs
1	keep-pa
1	kp
1	keep
1	ation
1	iz
1	pcmia
1	playconsolemonetization
1	playconsolemonetization-pa
1	monet
1	pcmiap
1	chromewebstore
1	cws
1	chromeos
1	co
1	instantmessaging-pa-heron
1	on
1	impho
1	her
1	heron
1	ho
1	firebasestorage
1	fbs
1	shell
1	login
1	ol
1	oslogin
1	ccp
1	cloudconsole
1	cloudconsole-pa
1	alt43
1	43
1	datally
1	tally
1	dt
1	impu
1	instantmessaging-pa-us
1	alkalimakersuite-pa
1	alkalimakersuite
1	communications
1	business-communications
1	currents
1	translationhub
1	translation
1	yeti
1	0l
1	le
1	0le
1	00o
1	0o
1	00
1	uj
1	0uj
1	0u
1	0a7
1	0f
1	0fi
1	0vz
1	v
1	0u2
1	0q9
1	ru
1	0r
1	0ru
1	117
1	121
1	0zg
1	0q0rt
1	0q0r
1	108
1	103
1	139
1	131
1	13m
1	1m
1	109
1	ib
1	0ib
1	12c
1	165
1	170
1	gz
1	1gz
1	1go
1	yy
1	1y
1	1yy
1	0xsx
1	0xstx
1	xstx
1	xsx
1	st
1	1j95o
1	1j9o
1	95
1	1j0
1	1s
1	18s
1	2y
1	20y
1	0xl
1	xl
1	1cb
1	1r
1	rf
1	1rf
1	19b
1	1b
1	19
1	1e
1	ez
1	1ez
1	1o9
1	25
1	25b
1	138
1	168
1	177
1	137
1	155
1	179
1	148
1	189
1	wjbd
1	1wjbd
1	wjb
1	1wjb
1	2f39e
1	39
1	2f3e
1	cjtr
1	2cjtr
1	2ct
1	191
1	bh
1	2bh
1	172
1	2ee
1	2e
1	2h
1	h
1	28h
1	28
1	222
1	287
1	299
1	279
1	277
1	275
1	208
1	257
1	281
1	207
1	204
1	242
1	255
1	223
1	290
1	293
1	209
1	186
1	248
1	183
1	209474
1	1o1z2y
1	1o18z2y
1	bcs
1	browserchannel
1	browser
1	browserchannel-sites
