378	google
91	mx
90	mv
90	verification
90	mx-verification
75	6
74	2
74	4
74	7
68	3
66	a
64	q
63	5
53	j
44	ghs
43	f
41	w
40	x
38	v
37	k
36	y
36	corp
32	s
32	z
30	d
30	afd
28	u
28	pub
27	1
27	n
26	h
26	m
25	c
25	mail
22	ns
22	g
22	b
22	0
21	t
20	i
18	o
18	e
17	l
17	r
15	fp
14	p
14	alt
14	proxy
13	feedproxy
13	feed
11	33
10	qr
9	if
9	qg
9	qq
8	wq
8	sq
8	sn
7	n3
7	n1
7	qp
7	as
7	qs
7	printer
7	host
7	at
7	zz
7	iq
7	mp
7	gg
6	ns3
6	n2
6	ns1
6	nb
6	gq
6	cy
6	to
6	qt
6	kf
6	color
6	mo
6	ck
6	dev
6	gd
6	ep
6	ch
6	55
6	my
6	za
6	hot
6	f2
6	zn
6	hq
6	km
6	docs
6	ju
6	qx
6	zx
6	cache
5	ns2
5	n4
5	ns4
5	dc
5	gz
5	jd
5	he
5	dh
5	wb
5	of
5	pj
5	54
5	chem
5	bq
5	lg
5	65
5	fk
5	h1
5	53
5	iv
5	1s
5	zh
5	ne
5	gc
5	pm
5	mi
5	in
5	yj
5	xl
5	mj
5	bg
5	67
5	vl
5	qo
5	xc
5	cm
5	jr
5	il
5	ek
5	wi
5	jy
5	f1
5	qd
5	23
5	gw
5	36
5	qb
5	vy
5	np
5	poe
5	zw
4	pf
4	app
4	data
4	bi
4	da
4	hk
4	ad
4	kz
4	qm
4	ll
4	yg
4	uf
4	mh
4	hv
4	25
4	cq
4	pr
4	nj
4	xb
4	bu
4	42
4	62
4	cc
4	drive
4	76
4	26
4	hc
4	zp
4	vp
4	kl
4	hz
4	nd
4	zu
4	rm
4	zi
4	iz
4	jg
4	ql
4	rp
4	fr
4	rd
4	eg
4	cv
4	nz
4	lf
4	ii
4	vb
4	hm
4	hy
4	mb
4	lb
4	en
4	cr
4	lz
4	64
4	qh
4	66
4	46
4	nl
3	smtp
3	time
3	mtf
3	35
3	fs
3	44
3	rj
3	hd
3	ya
3	px
3	ky
3	ex
3	566
3	yr
3	xd
3	li
3	24
3	va
3	sb
3	ux
3	ze
3	yy
3	qc
3	it
3	df
3	dz
3	ew
3	jk
3	sw
3	ij
3	kw
3	clients
3	android
3	oi
3	o1
3	mail-oi
3	map
3	pp
3	yi
3	cbf
3	jo
3	we
3	zy
3	default
3	d0
3	uk
3	ui
3	yl
3	ol
3	p0
3	tq
3	jj
3	dy
3	ml
3	fm
3	la
3	cd
3	cg
3	ff
3	vf
3	ko
3	43
3	sc
3	ng
3	ci
3	wa
3	77
3	mr
3	ve
3	gn
3	27
3	a1
3	do
3	xp
3	an
3	xv
3	dn
3	oc
3	tu
3	hr
3	wh
3	gh
3	72
3	32
3	rw
3	gr
3	ge
3	or
3	iu
3	yd
3	cf
3	vw
3	mq
3	up
3	pk
3	et
3	142
3	dl
3	th
3	ca
3	kr
3	vm
3	fu
3	ly
3	te
3	ps
3	tk
3	cw
3	pq
3	el
3	node
3	ewe
3	ggc
3	vg
3	9
3	br
3	so
3	gb
3	de
2	net
2	netblocks
2	blocks
2	fn
2	hx
2	lr
2	nr
2	57
2	244
2	cloud
2	cs
2	service
2	bc
2	73
2	pd
2	vs
2	wc
2	ln
2	ig
2	uh
2	lw
2	is
2	bf
2	003
2	api
2	ppm
2	bx
2	bk
2	um
2	jx
2	uc
2	lv
2	cx
2	on
2	air
2	xt
2	ru
2	mtv
2	x2
2	oi1
2	yn
2	myh
2	mail-yh
2	yh0
2	mm
2	go
2	ry
2	ef
2	ext
2	colork
2	cck
2	xj
2	bj
2	aq
2	am
2	default005
2	secure
2	0073
2	1secure
2	005
2	oe
2	dm
2	dj
2	sr
2	xf
2	wp
2	xo
2	gx
2	iki
2	wr
2	oh
2	wy
2	rl
2	pc
2	drm
2	rv
2	lod
2	rz
2	cvc
2	fx
2	qa
2	xu
2	qv
2	sny
2	fb
2	xn
2	xm
2	me
2	bl
2	tc
2	uv
2	way
2	wu
2	es
2	baa
2	ih
2	04
2	ub
2	ox
2	vh
2	eq
2	ta
2	wm
2	ws
2	fh
2	fi
2	py
2	axcg
2	sg
2	yb
2	exp
2	gy
2	ez
2	co
2	gt
2	56
2	kp
2	sh
2	dt
2	iio
2	pe
2	tz
2	mg
2	aw
2	dv
2	xx
2	74
2	ipv
2	hb
2	kc
2	pw
2	td
2	un
2	tf0
2	mail-tf
2	a2
2	apx
2	aspmx
2	hi
2	mw
2	lm
2	lj
2	47
2	pu
2	ft
2	142s
2	zl
2	cut
2	hn
2	om
2	37
2	xq
2	a3
2	hub
2	081
2	rs
2	nn
2	rt
2	no
2	be
2	ruc
2	hh
2	bm
2	tr
2	hp
2	snp
2	npoe
2	sn-npoe
2	r4y
2	cz
2	gm
2	oz
2	vc
2	ph
2	463
2	cu
2	kh
2	kfc
2	sy
2	lp
2	mail-pg
2	pg
2	gs
2	ev
2	ny
2	bb
2	250
2	qi
2	lk
2	tw
2	og
2	q0
2	p1
2	wg
2	sa
2	sk
2	dq
2	host5
2	eoggn
2	h5
2	ewe-ol-ggc-node
2	00459496229013565
2	fc
2	ms
2	cb
2	nu
2	ip
2	vq
2	ik
2	uw
2	ke
2	fj
2	acs
2	voice
2	a1o
2	pl
2	gu
2	kv
2	pt
2	fg
2	tj
1	spf
1	sp
1	netblocks2
1	nb2
1	com
1	time3
1	t3
1	engine
1	appengine
1	ae
1	compute
1	datacompute
1	faf2fns5rjqps35bi44k5dajv6dgzmai5dovgqskbcmvjdmtfo3q
1	rqs
1	dovgqskbcmvjdmtfo
1	dajv
1	dgm
1	dgskmjmo
1	f2fs5rqs3b4k5djv6dgm5dgskmjmo3q
1	dgzmai
1	mai
1	fns
1	kbc
1	faf
1	rjqps
1	djv
1	dov
1	hedns1
1	hedns
1	dns
1	hd1
1	nqzcyvnwvjcghsg2mmo5wob5q6h7pxnennrs3dh6lrha5hkx57ya
1	nqzcvnvcgg2m5wb5q6h7pnns3d6lr5hx5y
1	wob
1	vj
1	pnns
1	pxnennrs
1	lrha
1	hkx
1	nen
1	mmo
1	nw
1	nqzcvnvcgg
1	wo
1	rha
1	nqzcyvnwvjcghsg
1	gemini
1	ais
1	studio
1	aistudio
1	crowd
1	source
1	crowdsource
1	url
1	adservice
1	www
1	ykqwio5m2pd2b2ex5jl7v7h3ktx2w5vva
1	pjd
1	evgxxx
1	evg
1	wd
1	kytox
1	ykzqmwcifof
1	ykzqmwcifof5m2pjd2bc2evgxxx566jl73vd7h3kytox2wd5vvsa
1	xxx
1	ykqwio
1	vva
1	vvsa
1	ktx
1	vd
1	wl
1	igjm
1	mhv
1	ute
1	wl6u5mh6ijm4fl3uu4s2y7y4f3qylkx6ywja
1	uteu
1	qyrlnkxd
1	wrylr6uf5mhv6igjm4fll3uteu4s2y7y4fna3qyrlnkxd6ygwbja
1	fl
1	wrylr
1	fna
1	qylkx
1	fll
1	uu
1	ywja
1	ygwbja
1	wry
1	ijm
1	brow
1	5p24bfqf3m7c24is7morn54li5p2f33lwvabroww7qgdtdtouhjq
1	lvbw
1	qdtujq
1	lwvabroww
1	dtd
1	bfqf
1	bqf
1	qgdtdtouhjq
1	5p2bqf3m7c2i7m5l5p2f3lvbw7qdtujq
1	morn
1	0v2d
1	003v2data
1	000032
1	api000032cs
1	a0c
1	ppm-app-sbx-active
1	active
1	pasba
1	sbx
1	uchce
1	ymj4bk6rqk2lg6uc4cq5zsc3qc3um5b3b5q
1	rqk
1	zescx
1	cqt
1	uxm
1	rqgk
1	gdp
1	yymhjx
1	ce
1	zsc
1	lvgdp
1	bqk
1	yymhjx4bqk6rqgk25lvgdp6uchce4cqt5zescx3qsc3uxm5b3b5q
1	uch
1	qsc
1	ymj
1	452
1	njzfkkvfbdfgzivea
1	d6nzfkvdgia5m6i6yh7z4p5i4xdko5q
1	dz6njzfkkvfbdfgzivea5m6ix65yshv7z4pr5it452xbdkooon5q
1	ys
1	xdko
1	ive
1	yh
1	ix
1	nzfkvdgia
1	yshv
1	xbdkooon
1	koo
1	vfb
1	alph
1	upr
1	rupr
1	p2sngwb7ew5w42rupr7kwfk62airmztgeibuejkxtalphcioij6q
1	mz
1	p2sw7e5w4ru7kf6amtgbejxaci6q
1	airmztgeibuejkxtalphcioij
1	sng
1	kwfk
1	sngwb
1	amtgbejxaci
1	gei
1	cio
1	boardwalk
1	bhcc
1	boardwalk-hall-colorc
1	colorc
1	hall
1	nbeloglazovg
1	belo
1	gl
1	nbgag
1	azov
1	276
1	x276
1	30a7yn7d
1	3a7y7d
1	r1s
1	30
1	host1411
1	1411
1	003v2data0
1	00249968755679122
1	cms
1	0v2d0
1	f49
1	49
1	f4
1	ppchronicleceos
1	ceos
1	chronicle
1	pcc
1	maker
1	mapmaker
1	fswqynpromivbazzt
1	yiyryqgo
1	prom
1	d3kf5fwypibzt7n2q3n2o5yyrqg3feawa
1	kfoz
1	fwypibzt
1	feawa
1	d3kfoz5fswqynpromivbazzt7nb2q3n2o53yiyryqgo3fnefawva
1	fnefawva
1	foz
1	wv
1	yyrqg
1	baz
1	da-cbf
1	comment-colork
1	comment
1	16095
1	host16095
1	gdi
1	czzxjgbjq
1	2weriweympa7cyzdzyxjjgdibjjoq2am3ezzjxwsertniodh4atq
1	wey
1	wrwm
1	cyzdzyxjjgdibjjoq
1	nio
1	sert
1	2wrwm7czzxjgbjq2a3ezjwsnd4aq
1	atq
1	ezjwsnd
1	ezzjxwsertniodh
1	ri
1	weriweympa
1	mpa
1	zd
1	eudora
1	f7
1	o0
1	f76
1	oi0
1	u2oe4wvyqqzcjh2q3dj2ij2gujcbua
1	iqj
1	umd
1	je
1	dmje
1	wvyqqzcjh
1	gdumdjpychbfuka
1	jpy
1	vito
1	ui2oep4wvitoylqgqqzcxjhc2q3dmje26iqj2gdumdjpychbfuka
1	oep
1	wvitoylqgqqzcxjhc
1	gujcbua
1	osjmq
1	nxq
1	ndsxoq
1	nxji
1	xamq
1	yrq
1	irb
1	mydw
1	myydacwp4olsrjmq2tq5u5yrq33ndsxoq2f4nazxfjdirb55xamq
1	nds
1	nazxfjdirb
1	naz
1	myydacwp
1	yq
1	dac
1	mydw4osjmq2tq5u5yq3nxq2f4nxji5xaq
1	olsrjmq
1	xaq
1	mail-pa
1	pa
1	pa0
1	qn
1	mol
1	vziic
1	who
1	vzpiikic
1	jzqujw7e4vziic2e3m5qn3jpwbmg6tq
1	qne
1	jzhqguhjwho
1	joupjcwrbmoyagx
1	jou
1	jzhqguhjwho7e4vzpiikic2e3mol5qne3joupjcwrbmoyagx6tyq
1	ty
1	moya
1	jpwbmg
1	tyq
1	pjc
1	jzqujw
1	gc4oa62vp2sbcwdujj5zdyifddbqrdvoivoh6u42xb3u7h4x7dbq
1	dbq
1	swdj
1	sbc
1	du
1	g4oa6v2swdj5zdidqdio6u4x3u7h4x7db
1	zdyifddbqrdvoivoh
1	ddb
1	sbcwdujj
1	dvo
1	zdidqdio
1	db
1	jwza
1	vfd
1	bt
1	klqpwfmlamlhzbtgijqswy
1	gij
1	qvmfq
1	kqwflmhbgqw
1	jwz
1	qvfdmfpqq
1	jf6qvmfq6b6p7kqwflmhbgqw4r5v5jwz
1	jf6qvfdmfpqq6bq6p7klqpwfmlamlhzbtgijqswy4rl55v54jwza
1	d1
1	eppcd
1	epm
1	epm-pch-drm
1	drm1
1	pch
1	cgtbnrmapnd
1	cbnmn
1	cgt
1	pcf
1	arvgxfabwpcfgaz
1	argfwpg
1	fab
1	gaz
1	2955697046081277
1	sites
1	mailio0
1	mailio
1	mi0
1	f253
1	253
1	io
1	oca
1	4zuzcvcrzqq4e4lodjhccxivinfbfdmiksjkxtamq4vcpucd5oca
1	4zzcrq4e4ljhcxifbmsxtq4vcc5o
1	mik
1	lodjhccxivinfbfdmiksjkxtamq
1	zzcrq
1	bfd
1	tam
1	sjk
1	vcc
1	xiv
1	cpu
1	zuzcvcrzqq
1	ljhcxifbmsxtq
1	vcpucd
1	fic
1	fznzicg
1	fig
1	wfqjlqkiafnyxff
1	nih
1	ycrq
1	wfqjlqkiafnyxff2f3u3fzzc6ycrq
1	wfigqvjlnqkfizafxnihylxuffic
1	yjcvprmqa
1	wfigqvjlnqkfizafxnihylxuffic2ff3u33fznzicg6yjcvprmqa
1	cvp
1	fzzc
1	5951128972793259
1	wqj
1	pen
1	nkj
1	vow
1	vowdvfqsfieeeja
1	kay
1	ieee
1	ko3j43vowdvfqsfieeeja7f6penckhqyib5sc7wqj6ngkayjg33a
1	wj
1	penckhqyib
1	vdvqfija
1	pchyb
1	k3j4vdvqfija7f6pchyb5s7wj6nkj3a
1	ngkayjg
1	3273455199609406
1	cdm
1	devm
1	central
1	central-devm
1	apc
1	ller
1	qfwnls
1	ir
1	qlfbwnllers
1	szq
1	jh
1	zju
1	irzhsqzju
1	ye
1	jhv
1	3wa2ciye7qlfbwnllers4aj3irzhsqzju53apc6rio3jhv6snyzq
1	izsz
1	ciye
1	rio
1	3w2cy7qfwnls4aj3izsz5a6r3jh6szq
1	snyzq
1	ema
1	2vedyvn7emagzzhsnrqmr6j2xdn2ppwqjmjxl77kmw4m2a7lneha
1	xdn
1	lneha
1	pwjmx
1	ppwqjmjxl
1	emagzzhsnrqmr
1	kmw
1	2vdvn7egzsqm6j2xn2pwjmx7kw4m2a7lna
1	vdvn
1	egzsqm
1	neh
1	vedyvn
1	snr
1	lna
1	frrpuzmxqkzziiq
1	2zrsmv2pbqxrqp6whwx2frumqkzi2g
1	zzrsnymval
1	pobgqqxrqpm
1	2zzrsnymval2pobgqqxrqpm6whahwemxm2frrpuzmxqkzziiq2gq
1	uz
1	frumqkzi
1	wem
1	zrsmv
1	wha
1	whahwemxm
1	pbqxrqp
1	whwx
1	val
1	po
1	3q
1	161
1	35q
1	201
1	pta
1	tse
1	tsegnnauvqtm
1	kwa
1	na
1	tgnuqm5wgbdrgmkbj4ayybtk2p
1	gpa
1	box
1	wgbdrgmkbj
1	tsegnnauvqtm53wgpaboxdhrdgmekwabxj4ayogyybltcko27pta
1	yog
1	wgpaboxdhrdgmekwabxj
1	ayogyybltcko
1	tgnuqm
1	ayybtk
1	alt127091409
1	127091409
1	h3wlr2j2da5gjwd5h6j7ai3bfg5xkkew
1	xpkmkmeswq
1	h3waylrxg2j27doa5gzjiawud5hz6ju7ai3bfcwgj5xpkmkmeswq
1	gzjiawud
1	bfg
1	waylrxg
1	doa
1	gj
1	rxg
1	wlr
1	gjwd
1	jia
1	xkkew
1	fcw
1	bfcwgj
1	2qtq
1	spreadsheets
1	qtq
1	2qxtqm
1	qxtqm
1	bifana
1	bif
1	xl2i2y6pzkua2wqi7z3pr3i7zx6hmpq
1	xlye2if2y6perzkoranua2wbqiv7z3prfx3ih7znxv67hmoppakq
1	znxv
1	pak
1	rfx
1	koran
1	pzkua
1	per
1	hmoppakq
1	hmpq
1	xlye
1	prfx
1	lye
1	wbqiv
1	perzkoranua
1	wqi
1	mop
1	ppm-dev-web
1	web04y
1	pdw
1	web
1	w0y
1	tuc
1	vh6sdptuceqzaubmdee7lxox3anegtuq4dn5h5hrag725ocwh4tq
1	stezumd
1	lxo
1	lxox
1	sdp
1	ocwh
1	sdptuceqzaubmdee
1	rag
1	725
1	v6stezumd7lxo3aetq4d5h5hr7ow4tq
1	hrag
1	anegtuq
1	aetq
1	dee
1	ow
1	awmgh
1	dxrkc
1	ioeyoyq
1	yo
1	dcxpredkcnh
1	kt
1	wsjvvlsrntpza
1	awg4kt6c7dxrkc5wjvvsrta4g3iyyq
1	kb
1	wjvvsrta
1	iyyq
1	awg
1	cnh
1	rn
1	tpz
1	kbta
1	awmgh4kbta6cv72dcxpredkcnh5wsjvvlsrntpza4gd33ioeyoyq
1	red
1	ioe
1	host10235
1	10235
1	1510934793002723
1	9371880720322868
1	fhiki
1	cn3c6l4fi3u5tjm6wrwlzvaxqy7m3q
1	vie
1	cnz
1	cnz3ch65l443fhiki32u5tsjmv6werodwlfzvieaixxqoy7mf3qq
1	ts
1	mf
1	tsjmv
1	werodwlfzvieaixxqoy
1	aix
1	rod
1	443
1	cn
1	tjm
1	wrwlzvaxqy
1	master
1	axguapym
1	axg
1	axcg-uat-pxy-master
1	ua
1	pxy
1	uat
1	oajiwr
1	pzsg
1	ysfp
1	geaigcmnat
1	js
1	m7oajiwr7v7pzs4g4ysfp6gacn5h3tq
1	oajsiiwqrw
1	nat
1	aig
1	few
1	swr
1	gacn
1	pzs
1	mv77oajsiiwqrw7v76pzsg4gr4ybswrfewpm6geaigcmnat5h3tq
1	ybswrfewpm
1	tuxor
1	faj
1	hag
1	eqrxwxexpid
1	to7v6n5hqh5faj4eqxwxei3c7cm3j2ia
1	tuxor7vb6nsf5hmqghag5fazjd4eqrxwxexpid3c7cmy35jr2iua
1	iua
1	cmy
1	ia
1	tux
1	fazjd
1	hmqghag
1	az
1	eqxwxei
1	id
1	hqh
1	nsf
1	35911
1	a3a
1	alt35911a
1	slate
1	bp
1	blogger
1	bloggerphotos
1	photos
1	bjk
1	gt3ek56ydnyeckomrhvcocfxj2vk5xilhdcyhynznbbjkigyezla
1	nye
1	ydnyeckomrhvcocfxj
1	xilhdcyhynznbbjkigyezla
1	omr
1	xihchnnbigel
1	yncohccx
1	g3e5yncohccx2vk5xihchnnbigel
1	xpmsfbjhtvwshqrvlxn
1	mew
1	egwa
1	zkqjb
1	gwa
1	xmbhvsqvx
1	2emew3xpmsfbjhtvwshqrvlxn4iiodtfbmv364zkpqojvlb2egwa
1	msf
1	ht
1	jvl
1	2em3xmbhvsqvx4idfm3zkqjb2eg
1	idfm
1	364
1	emew
1	iiodtfbmv
1	zkpqojvlb
1	em
1	f228
1	mail-pf
1	228
1	pf0
1	zod
1	jjj
1	fbp
1	iljlbtza
1	tzxr
1	izgf
1	266
1	522
1	mbj
1	qy
1	mj5g6tzxr6e7fbp3jj6ijlta2ig4qy
1	mbj522gi6tzodxvrp6e7flkbkpe3jjj67iljlbtza266izgf4qya
1	flk
1	tzodxvrp
1	ijlta
1	gf
1	flkbkpe
1	qya
1	gi
1	vmgrh0075
1	vmr
1	vmr0
1	rh
1	0075
1	vmgrh
1	ey
1	sep
1	md
1	xtw
1	74i2znxxanar4sep6eyy4md3hr2h5xtaowi4n3dvsf6f3anw2g6a
1	7i2zxaa4s6ey4m3h2h5xtw4n3ds6f3aw2g6a
1	ds
1	tao
1	anw
1	zxaa
1	xtaowi
1	eyy
1	znxxanar
1	sf
1	dvsf
1	ar
1	pking
1	wipkingen
1	wpe
1	wipkingen-color
1	wpec
1	le
1	mbqjyzpmys
1	ipv6
1	mbjzms
1	dhn6mbjzms
1	ih7n5ul
1	i6
1	ul
1	dhbnv
1	utdle
1	dhbnv6mbqjyzpmys
1	ilhk72n5utdle
1	dhn
1	utd
1	ilhk
1	nv
1	9262151195847485
1	4y4k05
1	05
1	4y4k0
1	iufi
1	14
1	1if6w
1	14iufi6w
1	rdpun
1	hsh
1	tffl
1	tdpwkjhshxorrojqja
1	tpkhxrjqja
1	anf
1	pun
1	cicranf
1	ro
1	mjq
1	kj
1	tffezlz
1	fez
1	cca7ek6tpkhxrjqja6rp5tffl6h3mq
1	xor
1	cca
1	cicranf7ekkc6tdpwkjhshxorrojqja6rdpun5tffezlz6hc3mjq
1	ekkc
1	45
1	7mmy6dmkhtp2cg7pkv2pf4un3lxiq
1	dmhzklhipstvp
1	pkv
1	pyf
1	yul
1	mogh
1	mmy
1	cyg
1	mhz
1	7mvmoghyul64dmhzklhipstvp2cyg7pkyv2pyf45uinwf3lbxilq
1	dmkhtp
1	lxiq
1	pkyv
1	uinwf
1	lbxilq
1	tv
1	nwf
1	mvmoghyul
1	hips
1	111
1	0782538564102002
1	90
1	f9
1	f90
1	alt2171141203
1	2171141203
1	alt1360599
1	1360599
1	hiq
1	mxcix
1	ofqrm
1	w5s2mxcix7e6j6lm2w7ofqrm2hi7m5n
1	oefrqxrrrm
1	w55s2mwxscfiyxv7e6j6lmx2wi7oefrqxrrrm26hiq772mek5nva
1	mwxscfiyxv
1	xs
1	772
1	nva
1	lmx
1	mek
1	rrr
1	iy
1	sonic
1	staging
1	3310
1	sonic-staging
1	ss
1	alt3310w
1	a3w
1	time1
1	t1
1	lj1
1	l1
1	f156
1	156
1	mail-lj
1	gkoc
1	vk
1	vekhw
1	odi
1	cr23d47gasqdpkf6pu4gdkfofc6vekhw6n7biup4fv7rj4aodiqa
1	khw
1	gqpf
1	c2d4gqpf6p4gkoc6vk6n7bu4f7r4aoq
1	aoq
1	fv
1	gdkfofc
1	gasqdpkf
1	gas
1	aodiqa
1	biup
1	985
1	00678415172936016
1	swagger
1	c0g
1	chem008gw
1	gds
1	ads
1	developer
1	sg0
1	008
1	s0
1	gw-developer-sg
1	ads-service
1	cvcbhc
1	chuvisco-bhz-color
1	bh
1	bhz
1	chuvisco
1	vis
1	chu
1	sbqtc
1	qh7sbqtc32mirues5ze4jkivjcvvp566kxtew6hqftzqd5etim5q
1	tim
1	jkivjcvvp
1	q7sq3mr5z4jijcv5kxe6hfzq5et5q
1	hqftzqd
1	kxe
1	jijcv
1	mirues
1	qtc
1	hfzq
1	kxtew
1	etim
1	rues
1	vxtp
1	vxltpe
1	3098609512917459
1	251
1	218
1	x232
1	232
1	gbejfopv
1	gev
1	eodprppxlzch
1	pv
1	gczw
1	gevcutzlwc
1	fra
1	lvfra
1	fop
1	gjfv5eppplc7ihpnpl7gczw3lf
1	eod
1	lo
1	gbe
1	gjfv
1	ihpnpl
1	gbejfopv55eodprppxlzch7ihnpvngpklo7gevcutzlwc36lvfra
1	ihnpvngpklo
1	eppplc
1	mobfiiowba
1	ese
1	uackcg
1	uacc
1	xdq
1	mfiw
1	uqs
1	mob
1	d7pdt6odmj6kph6uackcg37y66xdq6oc3ese4uqsq4mobfiiowba
1	wba
1	pdt
1	kph
1	odmj
1	od
1	uqsq
1	d7p6om6k6uacc3y6xq6o3e4uqs4mfiw
1	4307274923573405
1	alt358
1	358
1	0070365272442223
1	0144928747635498
1	oid
1	chemhub081oid
1	ch0o
1	chemhub
1	00615736437744212
1	xqnqmhvo
1	debocryp
1	l6xqnqmhvo4d2debocryp4qr4bbqnq
1	bvgbqbnoq
1	qsrt
1	bbqnq
1	hu
1	cqd
1	xmqnnqmylhuvyof
1	bvg
1	dje
1	myl
1	l64xmqnnqmylhuvyof4d2djeexbuocqdrsyp47qsrt4bvgbqbnoq
1	djeexbuocqdrsyp
1	cvsqsfk
1	cqf
1	2543
1	5bm6cqf6s7ux2ra7kx2qh4w5d4etkq
1	qqhh
1	bemok
1	eh
1	ehthkq
1	5bemok6cvsqsfk6s7uvx2rucat7kx2543qqhh44wq53dl4ehthkq
1	rucat
1	etkq
1	cvs
1	ra
1	uvx
1	mok
1	174
1	mail-yw
1	yw0
1	f174
1	myw
1	vows
1	aby
1	jwawd
1	tpk
1	ab
1	jwa
1	ctr
1	yjztpkprvowszyithpypcp
1	ctr5yjztpkprvowszyithpypcp4s65jwawd2aby26zvb46w6vhbq
1	ct
1	awd
1	yztpvzihyp
1	by
1	zvb
1	ct5yztpvzihyp4s6jwa2ab2zv4w6vb
1	zv
1	pcp
1	vhbq
1	cadp
1	afdo
1	ca-afdo-pub
1	3852535284022082
1	af
1	j4nj
1	nx
1	j48nxju
1	nxju
1	48
1	npoe7ney
1	np7n
1	ney
1	8794720346366669
1	519
1	n519f8
1	8
1	n5f8
1	3g63rgzxzrf6sv65zselipkuabg3vkolyjq3bkrwr3zaylczbi5a
1	eli
1	rgzxzrf
1	3g6rzzr6s6zsepab3vkyq3bkw3zycb5a
1	63
1	rg
1	vkyq
1	bkw
1	pku
1	zselipkuabg
1	rzzr
1	bkrwr
1	vkolyjq
1	zycb
1	zsepab
1	zaylczbi
1	sv
1	kol
1	rf
1	cie
1	tdwjijryc
1	zli
1	ltu
1	twjjrc
1	wf
1	zxltui
1	ji
1	w6twjjrc6c4zli6wf7spkc6g7z3ii7yhdj6a
1	ktp
1	sqpcktpc
1	spkc
1	yhdj
1	wa6tdwjijryc6c4zxltui6wfa7sqpcktpc6g7zp3iiq7yhedjo6a
1	wfa
1	fa
1	iiq
1	yhedjo
1	cl
1	wgvzcn
1	34
1	wgvzcn6fm6bs6z6khs2ui6awyz7cq3n4a
1	zah
1	whgmvmzwcnd
1	ufii
1	fum
1	whgmvmzwcnd6fum646bsw6z6khes2ufii6ahkwuyzah7clq34n4a
1	bsw
1	awyz
1	646
1	ahk
1	bs
1	clq
1	khs
1	khes
1	ahkwuyzah
1	qgqla
1	u5hpwrdpoi3k76ckezkozcseko6ers2yinhvidvvpzzvfu3qgqla
1	seko
1	ckezkozcseko
1	yhvvvzvf
1	cke
1	hwrp
1	yinhvidvvpzzvfu
1	czkocs
1	u5hwrp3k7czkocs6e2yhvvvzvf3qqa
1	qqa
1	ers
1	hpwrdpoi
1	vid
1	yin
1	poi
1	np7n6
1	npoe7nl6
1	vcenter
1	vcenter-hot
1	center
1	vch
1	9267568642018131
1	kuk
1	pzhux
1	xwjpk
1	7pzx6d2c3y6j6j7xwjpk7w4w4mwnqgv2w
1	mwnqgv
1	xwjphkuk
1	jot
1	mcg
1	7pzhux6d2cu3yass6jo67jot7xwjphkuk7w463w4mcgwnqhgv2wa
1	mcgwnqhgv
1	pzx
1	yass
1	zhu
1	run
1	5kenh6uyjrunfr2lly4ew2kf5onmovyvhhycprsuzx6xxy23izrq
1	cpr
1	vyv
1	xxy
1	izrq
1	onmovyvhhycprsuzx
1	5kh6uyrf2ly4e2k5omvhhcsz6x2irq
1	lly
1	ken
1	uyrf
1	kenh
1	omvhhcsz
1	su
1	uyjrunfr
1	irq
1	mail-il
1	i1
1	13
1	x1f
1	il1
1	x13f
1	ckpsnnw
1	7osvkzjasg566a3gatq3cfkypsqnnchwe5telotdfgnvfn7mc6ha
1	cfkypsqnnchwe
1	mc
1	7ovkjag5a3gq3ckpsnnw5tldgvn7m6h
1	gatq
1	gat
1	nch
1	os
1	telotdfgnvfn
1	ovkjag
1	ha
1	lot
1	tldgvn
1	osvkzjasg
1	sty
1	smu
1	afrtt
1	tt
1	gtdv
1	wstyqkfcshomgggaea
1	hom
1	gae
1	mwe3gtdv2bg7cvmin5ugfialsmu7afrtt6wstyqkfcshomgggaea
1	al
1	min
1	afr
1	mwe
1	gfi
1	m3gd2b7cm5ugas7at6wsqkshgga
1	cvmin
1	ugfialsmu
1	wsqkshgga
1	ugas
1	b6hr
1	rgu
1	b6hrgu
1	hrgu
1	797
1	797k
1	7k
1	bdlpfuor
1	nig
1	iei
1	blfo1z3ioys1naa
1	ioys
1	blfo
1	bdlpfuor1z3ieiohydsy1nigaa
1	bd
1	ieiohydsy
1	naa
1	nigaa
1	vy36v7u
1	v3v7u
1	yfq
1	irc
1	pzt
1	zpaqlhirc
1	7b4n7pzt6f5u4b7bhscs6f2m4zaqhi5yfq
1	75
1	7b4n75pszwt6f5u4bam7bhuasylcsap6f2mx4zpaqlhirc5yfayq
1	zaqhi
1	bhscs
1	fay
1	pszwt
1	bhuasylcsap
1	yfayq
1	hua
1	sap
1	syl
1	bam
1	uqdggatql
1	kts
1	ksztag
1	426
1	554
1	uqgaq
1	2t7iqz5t4uqgaq7tk4x3t2ksztag4vvqq
1	ictqz
1	ict
1	tkts
1	27te7ictqz554t4uqdggatql7tkts4x3tr2ksqztcagd426vvqbq
1	ksqztcagd
1	iqz
1	vvqq
1	vvqbq
1	pg0
1	f3e
1	gallerys
1	gallery
1	googlemail
1	aspmx5
1	apx5
1	meg
1	tb
1	bz
1	fsf
1	uqhqj
1	ubz
1	jla
1	wt
1	lla
1	vfxkaxk
1	zrxame
1	mbmfbw
1	jllaa
1	754
1	ka
1	uqhyqmj2ubz7zrxame3megblmgfsfbwt3vfxkaxk754tb33jllaa
1	megblmgfsfbwt
1	uqhyqmj
1	zrxam
1	vfkxk
1	uqhqj2ub7zrxam3mbmfbw3vfkxk7t3jla
1	aaoz
1	lvl
1	oue
1	aug
1	ojufev
1	oj
1	lnnfwja
1	ncl
1	l4oue6uc7aao2lvl2xbxax6l5lnnfwja
1	lbs
1	xbbxuaugx
1	xbxax
1	lnclnyffwja
1	ucw
1	lbs4ojufev66ucw7aaoz2lpvylj2xbbxuaugx6la5lnclnyffwja
1	aao
1	lpvylj
1	h5n7r
1	h5576n7r
1	sn-h
1	pack
1	5576
1	r1y
1	ptjuqojtl
1	gud
1	ptjuqojtl4ozwn5vx5gnoaei7ek6gkt
1	ozwn
1	pqtojupqiovwjtwlk4ogzlwn54vx5gudnofaefi73egk6gkmtoda
1	ogzlwn
1	toda
1	gkt
1	pqtojupqiovwjtwlk
1	ovw
1	gnoaei
1	egk
1	gudnofaefi
1	gkmtoda
1	qg0
1	f4e
1	mail-qg
1	npel7
1	snpel
1	npoeenl
1	npel
1	npoeenl7
1	sn-npoeenl
1	kddh
1	ted
1	oyvlddyk
1	dvi
1	oy
1	kazl
1	dvlif
1	kaz
1	hoe
1	dyk
1	mtq
1	mtedq
1	ijqo
1	osu
1	ovld
1	kdd
1	w5oyvlddyk62mtedq4kazl7b3ijqo2osu6t4kddh5hoe4dvlif3a
1	ld
1	w5ovld6mtq4kl7b3iq2o6t4kdd5h4dvi3a
1	alt36874918113115
1	36874918113115
1	f144
1	144
1	pg1
1	prince
1	ppprincec
1	ppc
1	cp
1	cdqm
1	cpdqrmx
1	1053
1	alt1053a
1	a1a
1	business
1	mybusiness
1	time4
1	t4
1	the
1	nethec
1	ntc
1	mail-wg
1	f37
1	w0
1	wg0
1	f3
1	htngk
1	htn
1	ner
1	hetzner
1	gwk
1	gk
1	hetzner-gwk
1	zmbcbbasvvxw
1	nd2uajdrmzhlly33zmxn525zmbcbbasvvxw7eldyrmu6hm2uqwgq
1	525
1	edym
1	uqwg
1	uajdrmzhlly
1	mxn
1	zmbavvxw
1	zm
1	uajdzly
1	mbc
1	eldyrmu
1	zmxn
1	uqwgq
1	n2uajdzly3zm5zmbavvxw7edym6h2uqwg
1	mu
1	mail-pj
1	58
1	f5
1	f58
1	pj1
1	1549360468575386
1	7373778529674268
1	default00603
1	00603
1	wjqkkc
1	smcw
1	dcgg3j2smxcutws7y5ojpkciszx4dzzjqxckwds5wjqkkc5t6msa
1	ojpkciszx
1	wjqkc
1	wds
1	dzjqcw
1	dcgg
1	msa
1	dg3j2smcw7y5ojkiz4dzjqcw5wjqkc5t6m
1	kk
1	dzzjqxckwds
1	ojkiz
1	dg
1	jp
1	smxcutws
1	186
1	142u
1	183
1	1u
1	gw2
1	xbsag
1	scada
1	bms
1	g2
1	xbms-scada-gw
1	scad
1	xbms
1	247a
1	2a
1	247
1	ehggn
1	node3
1	ewe-hb-ggc-node
1	zkq2rm0xq0ssng
1	nun
1	rutmh
1	zuklqr2rutmh0xqv04sksqnung
1	zkq
1	rut
1	xqv
1	ssng
1	sksqnung
1	zuklqr
1	07
1	bg07dnl7
1	b0dn7
1	dnl
1	sn-bg
1	taqq
1	1tq0c
1	1taqq0cw
1	loddoq
1	pit
1	davi
1	vx4cc3n6hm46vgepkopju4wgw4jrpitj2ci74loddoq6daviq4da
1	vgepkopju
1	kop
1	vx4c3n6h4vekj4wg4jpj2c7ldq6dq4d
1	jpj
1	vekj
1	daviq
1	wgw
1	ldq
1	jrpitj
1	7479837725712214
1	npoeenek
1	snpee
1	sn-npoeenek
1	npee
1	1999037096113451
1	off
1	bsl
1	psy
1	imt
1	tg
1	olm
1	yqpk7i3psykrfs5zj4qimtp3qolmtgqroffszmbshuxddbsl5oxa
1	qolmtgqroffszmbshuxddbsl
1	sz
1	yqk
1	shu
1	qotqosmsxdb
1	oxa
1	psykrfs
1	qip
1	pkf
1	yqpk
1	dd
1	yqk7i3pkf5zj4qip3qotqosmsxdb5oa
1	qimtp
1	oa
1	node1
1	158
1	12
1	mailoo
1	mailoo0
1	oo
1	f12
1	mo0
1	225
1	2g
1	225g
1	5101318281765549
1	001
1	crm
1	0s2
1	001s2
1	kn
1	4g5k7d
1	4g57kn7d
1	1q4g0
1	1qp4gs0
1	4m6c9k
1	3777841958529455
1	ypw
1	nm
1	ghc46zsy2h2iu5zfpnz5nqnmskh7ifygftnb4z4ypw6ojyizrula
1	g4zs2h2i5zfn5nqns7iyfn4z4yp6ojira
1	nqnmskh
1	zfn
1	zsy
1	ghc
1	iyfn
1	skh
1	ifygftnb
1	ojira
1	rul
1	ojyizrula
1	zfpnz
1	yp
1	zs
1	nqns
1	host16443
1	16443
1	rode
1	rmdrta
1	rivermine-dev-rodete-app
1	mine
1	rivermine
1	rodete
1	river
1	rukxqfwfc
1	umsq
1	gp
1	ak
1	ruxqff
1	asco
1	us5o5ggj7n2m7s2ruxqff5xc6ak6d6a5g
1	us
1	ascok
1	xxca
1	gdgpjj
1	gla
1	fw
1	ggj
1	umsq5o5gdgpjj7no2ms7s24rukxqfwfc5xxca6ascok6d67a5gla
1	797752315569
1	6k
1	64k
1	cruella-colork
1	cruella
1	eptp
1	swonu
1	tp
1	swu
1	rbl
1	cvmn
1	gmg
1	nix
1	nir
1	lfpjbnirr
1	lpbnr
1	ename
1	jgmg
1	name
1	rjbrlz2lfpjbnirr3swonu6ename5jgmg3eptp4cbvtmnix6f6va
1	cbvtmnix
1	rjbrlz
1	vt
1	rbl2lpbnr3swu6en5jg3et4cvmn6f6v
1	won
1	nss
1	ebdnu
1	nssu
1	essbase-dev-nssu
1	ess
1	base
1	eb
1	essbase
1	backend
1	hello
1	0p
1	0000978private
1	0000978
1	private
1	1ml6swaw
1	swaw
1	1m6sa
1	ip85
1	85
1	i8
1	vgqs
1	vq7nl
1	svq
1	nlz
1	sn-vgqs
1	vgqs7nlz
1	qk
1	qbufwmq
1	qdk
1	cuji
1	kpm
1	nya
1	c6qk7snvzgnggckw7cuji4jd7ik2quwq
1	ikpm
1	jrdj
1	st
1	gts
1	snvzgnggckw
1	stnyavzgndggtsckmwq
1	c6qdk7stnyavzgndggtsckmwq7cuwjuik42jrdj7ikpm2qbufwmq
1	quwq
1	cuwjuik
1	new
1	k9s
1	axis
1	controller
1	nc
1	new-controller
1	plus
1	k9sk
1	sandbox
1	axis2
1	sapp
1	prod
1	17509
1	alt17509
1	csapp
1	corp-soaproxyprod
1	soaproxyprod
1	cro
1	chocoramo
1	ram
1	choco
1	zieti
1	hj
1	zei
1	vha
1	vlzxhq
1	vlhea
1	jprcwhkh
1	vzh
1	prc
1	jpwk
1	a6h5j2u5h4u4e7t5o6vzh7jpwk5zei4vha
1	a6hj5j2u5he4uw4es76t5o66vlzxhq7jprcwhkh54zieti4vlhea
1	bwlybwxb
1	bwlbwx
1	0843901592280424
1	746
1	rahi
1	ccu
1	hgbhrzvwqxsrahitokfc
1	454hgbhrzvwqxsrahitokfc1ccu
1	4hhrvqsrtk1cc
1	454
1	hgb
1	hhrvqsrtk
1	220m
1	node2
1	220
1	2m
1	lscache
1	097
1	v2
1	sn-o
1	zne
1	o0zn7
1	lc7
1	v23
1	preferred
1	o097zne7
1	lc
1	lscache7
1	ls
1	pecos
1	caehf
1	fob
1	675
1	pecosd
1	6tq6kem2k6pd6n5gg5caehf6jc4zla
1	jc
1	edi
1	cvaephqfob
1	mbt
1	tkqd
1	zwlfa
1	kedimbt
1	6tkqd6kedimbt2ke6pecosd675n5gbg5cvaephqfob6jcd4zwlfa
1	kem
1	gbg
1	jcd
1	zla
1	yqihkdt
1	yiabwd
1	2o7ze2hhubwgqae2yqihkdt3el7x6yitabobaytwpdl3rsxfzz4q
1	yqhd
1	abo
1	rsxfzz
1	hhubwgqae
1	2o7z2hhwgae2yqhd3e7x6yiabwd3rxz4q
1	rxz
1	yitabobaytwpdl
1	hhwgae
1	bayt
1	grsdnebrw
1	ogms5l2ic6hydcmqb2fjpuoof7dc7gquy5grsdnebrw7ncrqew4a
1	nqw
1	ogms
1	gquy
1	sd
1	hdcq
1	ic
1	qe
1	gsnbw
1	ncrqew
1	hydcmqb
1	fjpuoof
1	fpoo
1	om5l2i6hdcq2fpoo7d7gq5gsnbw7nqw4a
1	quy
1	ncr
1	f66
1	f6
1	f25
1	1192652512508868
1	0776711469547454
1	1668446936884701
1	blicnet
1	cblc
1	126
1	cnet
1	blc
1	cache-blicnet
1	aapq
1	push
1	auto
1	apq
1	acs-autopushq
1	autopushq
1	vpmr
1	mi7tfq2pb3vvni3qhl5yhhtkg6mm3vm4a6q
1	yhxhthkgo
1	tfoqo
1	vvni
1	ham
1	maei
1	pbg
1	maei7tfoqo26pbg3vvnpi3qghamli5yhxhthkgo6mmp3vpmr4a6q
1	qhl
1	yhhtkg
1	tfq
1	vvnpi
1	mmp
1	mae
1	fo
1	qghamli
1	pb
1	01
1	03
1	biapps-app
1	app01s
1	e0
1	biapps
1	a0s
1	ev03
1	ba
1	apps
1	mailpf
1	203
1	f203
1	mailpf0
1	mp0
1	psbeodasumgrjya
1	lha
1	lmhrtadr3v1psbeodasumgrjya
1	hrt
1	pbosgja
1	lha3v1pbosgja
1	oda
1	lmhrtadr
1	sum
1	adr
1	alt1464117o
1	1464117
1	abns
1	abn
1	xni
1	pju
1	bu5q3l3ywz5xkqfm4pj4xni4rw7as2pq
1	biluup5qt3lb36ywz53xkqfmy4pju4xnuif4rdway727abns2plq
1	xkqfm
1	727
1	rdway
1	bil
1	biluup
1	plq
1	ywz
1	xkqfmy
1	xnuif
1	uup
1	7914625187867258
1	19981
1	host19981
1	a4
1	alt4
1	mti
1	talk
1	mtalki
1	pro
1	pds
1	prodzs
1	eqlhwei
1	zo
1	gut
1	xzlksa
1	xzolgksoa
1	lh
1	ghgbfpj
1	elw
1	w7eqlhwei23a3n6gutucwf65guhqgybcfcpljn3s4v5xzolgksoa
1	gucf
1	guhqgybcfcpljn
1	w7elw2a3n6gucf6ghgbfpj3s4v5xzlksa
1	jn
1	gutucwf
1	wei
1	lkksvlvoxe
1	ep6o5njcj5lkvve4jwx3kwf6vf2onh6a
1	lkvve
1	csc
1	ks
1	oknhq
1	wil
1	njcj
1	nbjrcscjg
1	vef
1	vox
1	kwf
1	jwxef
1	epoe62o5nbjrcscjg5lkksvlvoxe4jwxef3kwilf6vef2oknhq6a
1	kwilf
1	epoe
1	xef
1	jwx
1	ok
1	onh
1	datazu18745
1	hfc
1	dh-hfcc
1	hfcc
1	18745
1	dhc
1	datazu
1	dz1
1	dynamic
1	di
1	dynamicip
1	nl-ge
1	thu
1	xguxqqcqxrqh
1	digcttuupkp
1	xuqcqrq
1	paok
1	xg
1	jayxfr
1	jay
1	5diigzcztthuurupaokkvpt4zj3jayxfr6c7xguxqqcqxrqh5i6q
1	5digcttuupkp4zj3jxf6c7xuqcqrq5i6q
1	diigzcztthuurupaokkvpt
1	ur
1	jxf
1	119
1	x3
1	340
1	ot
1	x340
1	mail-ot
1	ot1
1	any
1	chany
1	sampson-color
1	sampson
1	a1q
1	152
1	alt152q
1	4643225947740221
1	npja
1	nja
1	nja7
1	npja7
1	172
1	154
1	172s
1	217
1	doud
1	e6jh4har7c7dcdcojqhsq5dyiwtw
1	cbt
1	dcdcojqhsq
1	hiaruc
1	oct
1	you
1	har
1	dyiwtw
1	si
1	wdc
1	dud
1	e6jh4hiaruc7c7doudcbtdudcroctjqrhnsiqg5dlyouiwdctwwq
1	doudcbtdudcroctjqrhnsiqg
1	dlyouiwdctwwq
1	qrua
1	yvg
1	tzb
1	3nq4l4x5yvg7rfzqwizfd4tzb6ge6qr
1	yvsg
1	rfzqwizfd
1	far
1	rua
1	rufarzzqbwyinzfgd
1	36nqp4lw4x55yvsg7rufarzzqbwyinzfgd43tkazhb6gepe6qrua
1	tka
1	tkazhb
1	nqp
1	nq
1	epe
1	gepe
1	mkt
1	hac
1	aumt
1	qzqz
1	zoo
1	fpshd
1	ezv
1	qzooqz
1	egzv
1	q7mh7fpshd2aumt5hac3uumktqjhfmb6d5egzv6zni7qzooqz2sa
1	fps
1	hf
1	uumktqjhfmb
1	uumqjhm
1	q7m7fh2at5h3uumqjhm6d5ezv6zi7qzqz2sa
1	zni
1	aum
1	hcbsdin
1	hbi4qzkcmjqr3wfjknty3lb7nqqkc
1	wfjknty
1	bsd
1	hbi
1	nys
1	hcbsdin4qzkchrmvjrqrki376wfjykvnytuy3lybo7nysqcqkzcq
1	chr
1	376
1	nysqcqkzcq
1	lybo
1	rki
1	qzkcmjqr
1	wfjykvnytuy
1	qzkchrmvjrqrki
1	nqqkc
1	bo
1	tampines
1	tvb
1	qjwzbthtfex
1	sjvcaoruuyir
1	vb6qjwzttfe4lxpt4thfl5sjaouuyr2j
1	vgb6qjwzbthtfex4lxphptvb4tohhffl564sjvcaoruuyir25jea
1	thfl
1	qjwzttfe
1	lxpt
1	jvc
1	php
1	564
1	sjaouuyr
1	vgb
1	zb
1	jea
1	tohhffl
1	lxphptvb
1	106852969449
1	groups-beta
1	groups
1	beta
1	a3k
1	acs-dev
1	3317
1	alt3317k
1	yzg
1	i9yzygu
1	i9yzg
1	yzygu
1	ump
1	enqd
1	5n4qlp3i4zkqd5enqd7u4jg2mj4b2v
1	jygc
1	mjy
1	qlp
1	zkqxde
1	433
1	zkqd
1	qplempn
1	das
1	lem
1	eknqsdas
1	54n463qplempn33i4zkqxde5eknqsdas7ump433jygc2mjy4b2va
1	pn
1	aemxocgh
1	ogorzrq
1	ocgnocrrlzzrmq
1	qph
1	yk5qp3dq2z7yj4u6ik2axcg5ogorzrq
1	732
1	ygj
1	ocr
1	iku
1	yk
1	aem
1	ku
1	dfq
1	ykw
1	ykw5qph33dfq2z732ygj42u6iku25aemxocgh5ocgnocrrlzzrmq
1	gxmlaira
1	pjdazqjwucqy
1	cow
1	5i2gxaa6r2t2pjdazqjwucqy6rfvq
1	vor
1	gxaa
1	rfvq
1	rvfmvorq
1	5iq23gxmlaira67r2tj2ptjdeaqzuqqjdwiucowqtya6rvfmvorq
1	xml
1	ptjdeaqzuqqjdwiucowqtya
1	mail-qt
1	241
1	f241
1	qt0
1	scifwb
1	nnp
1	xaiivrwlq
1	cap
1	heo
1	b7qr6heo5b24jv2capizwpk7nnnzpj3k7scifwb7el7xaiivrwlq
1	cizp
1	nnnzpj
1	xaiirlq
1	siw
1	capizwpk
1	b7q6h5b2jv2cizp7nnp3k7siw7e7xaiirlq
1	64vm5arcttt5ygkmwghhmwyem3kxtkx7hupmidx33der3arx2rpq
1	humx
1	arx
1	ttt
1	ygkmwghhmwyem
1	hupmidx
1	arcttt
1	kxtx
1	der
1	rpq
1	kxtkx
1	mid
1	ykwghwm
1	6v5at5ykwghwm3kxtx7humx3d3a2rp
1	wye
1	arc
1	ni0
1	n0
1	ni
1	231
1	mn
1	f231
1	mail-ni
1	1106
1	alt1106o
1	ie
1	mail-ie
1	ie0
1	i0
1	171
1	f171
1	neatez
1	neat
1	esf
1	ga
1	dk
1	fj2dy5xk7ne3l6r6j4essj4k7yd5g
1	ftmjeri
1	dyb
1	ftm
1	xlkf
1	ftmjeri2dyb56xlkf7627neatez3l6r6j4esfssju4kp7ydk56ga
1	7627
1	esfssju
1	essj
1	jeri
1	xk
1	ydk
1	7591777048123944
1	nangmyun
1	nmu
1	nang
1	7wfgzaibrhzzaebmcyt4ke5jnja4lg5o6ycb3hui77dnp3wzwv3q
1	ebm
1	wzwv
1	ycb
1	hui
1	jna
1	dnp
1	wfzbhzect
1	jnja
1	yc
1	wfgzaibrhzzaebmcyt
1	7wfzbhzect4k5jna4l5o6yc3h7dn3wzv3q
1	wzv
1	zai
1	isbm
1	vqt
1	bdd
1	f4isbm2u2vb7hk2mpijd4e3nfh4vq6z
1	pre
1	mpreinjdcd
1	hko
1	mpijd
1	idr
1	idrsrbddm
1	nfh
1	fk46idrsrbddm2uk2vybm7hko2mpreinjdcd43e3njfhk4vqt6za
1	vybm
1	njfhk
1	dcd
1	9665988764710202
1	mdlvvq
1	msedfrllvocvyq
1	mse
1	dfr
1	h4mdlvvq4qja3c
1	voc
1	qcjka
1	h4msedfrllvocvyq44qcjka3cd
1	qja
1	ec
1	wxwaq
1	wok
1	uzi
1	jt
1	kya
1	ecipv
1	4wokxwiaoq3sx3ecipv32xlc5znurpmuziinj6tujt5lgelkdkya
1	ao
1	tujt
1	xlc
1	elk
1	wokxwiaoq
1	ei
1	ledk
1	lgelkdkya
1	sx
1	4wxwaq3s3ei3xc5zuruij6tj5ledk
1	zuruij
1	znurpmuziinj
1	rpm
1	flo
1	rxcqoijaknmj33j72floqduxludyzcifwkrad4l3nkhgaxxe5w2a
1	rxqikj
1	dux
1	nhax
1	xxe
1	lud
1	knm
1	nkhgaxxe
1	yz
1	hg
1	ija
1	fqdlyciwka
1	rxcqoijaknmj
1	floqduxludyzcifwkrad
1	rxqikj3j7fqdlyciwka4l3nhax5w2a
1	nk
1	ps7
1	printserver7
1	printserver
1	server
1	print
1	vcq
1	pfizvq
1	qkmqqdvx
1	xe
1	fzfk
1	wjlgfgw
1	pbs
1	qkmmqmqdevwxc
1	pbsfkiqzavq
1	wjlfg
1	lx
1	fzfkk
1	g3wjlfg7qkmqqdvx3vc5fzfk2lx6pfizvq
1	lxe
1	gb36wjlgfgw7qkmmqmqdevwxc3vcq55fzfkk2lxe6pbsfkiqzavq
